<?xml version="1.0" encoding="UTF-8"?>
<beans xmlns="http://www.springframework.org/schema/beans"
       xmlns:xsi="http://www.w3.org/2001/XMLSchema-instance"
       xsi:schemaLocation="http://www.springframework.org/schema/beans https://www.springframework.org/schema/beans/spring-beans.xsd">
    <!-- Root Context: defines shared resources visible to all other web components -->


    <!--
    <bean id="hikariConfig" class="com.zaxxer.hikari.HikariConfig">
        <property name="driverClassName" value="org.mariadb.jdbc.Driver"></property>
        <property name="jdbcUrl" value="jdbc:mariadb://localhost:3306/webdb"></property>

        <property name="username" value="webuser"></property>
        <property name="password" value="webuser"></property>
        <property name="dataSourceProperties">
            <props>
                <prop key="cachePreStmts">true</prop>
                <prop key="preStmtCacheSize">250</prop>
                <prop key="preStmtCacheSqlLimit">2048</prop>
            </props>
        </property>
    </bean>
    -->

    <!-- HikariCP configuration
    <bean id="dataSource" class="com.zaxxer.hikari.HikariDataSource" destroy-method="close">
        <constructor-arg ref="hikariConfig"></constructor-arg>
    </bean>

    <bean id="sqlSessionFactory" class="org.mybatis.spring.SqlSessionFactoryBean">
        <property name ="dataSource" ref="dataSource"></property>
        <property name ="mapperLocations" value="classpath:/mappers/**/*.xml"></property>
    </bean>

    <mybatis:scan base-package="com.springmvc.mapper"></mybatis:scan>
    -->
</beans>